pop_reference,captions,mean_score,mean_residual,median_spread,iqr_spread,high_polarization_share,mean_precision,precision_p90
non_reference,2214607,1.2135178100367232,0.00023934558564427916,-0.8,0.14184145040881624,0.9740829862815389,inf,0.0659728505364627
reference,82546,1.2089047822096168,-0.006421345787644704,-0.803921568627451,0.14096320346320346,0.9760739466479297,0.053875153834025635,0.06642567607145775
