recency_bucket,captions,mean_age,mean_score,adj_score
unknown,427,,1.2155403367689268,0.005934923710469765
current (3-10y),44206,7.437791250056553,1.2137888545149005,-0.0032541914218707302
nostalgic (10-20y),21778,13.301451005601983,1.2070055194775489,-0.00779103995568071
retro (>20y),6888,32.065766550522646,1.2043135886609797,-0.01301373083703142
fresh (<3y),9247,1.7639234346274468,1.1931426542565278,-0.013996322013170324
