{
  "total_captions": 2297153,
  "total_contests": 385,
  "pop_reference_share": 0.03593404531609344,
  "mean_score_reference": 1.2089047822096168,
  "mean_score_non_reference": 1.2135178100367232
}