year,total_captions,pop_captions,pop_share,pop_mean,non_mean,pop_minus_non
2016,195668,7324,0.03743075004599628,1.1965027890549458,1.2031864151830045,-0.006683626128058728
2017,252938,9724,0.038444203717907154,1.1512853972407622,1.1549569122699377,-0.0036715150291755094
2018,290918,10567,0.03632295010965289,1.211905099378363,1.2125851582736769,-0.000680058895313751
2019,261740,9249,0.03533659356613433,1.23086190528182,1.242058348889144,-0.01119644360732397
2020,346135,12515,0.03615641296026117,1.2171956008991018,1.2198997160283345,-0.0027041151292326315
2021,343551,12622,0.036739814467138796,1.2466771339183318,1.2492271542109905,-0.0025500202926587168
2022,268548,9388,0.0349583687087597,1.2246202281913703,1.2279558966183817,-0.0033356684270113846
2023,244511,8457,0.03458740097582522,1.1815341516180604,1.1861173601647648,-0.004583208546704354
2024,93144,2700,0.02898737438804432,1.1791832678965741,1.1916672651826707,-0.012483997286096615
